index,observation.camera_intrinsic,observation.camera_extrinsic,action,observation.camera_extrinsic_occ,observation.camera_intrinsic_occ
0,"[array([168.0498,   0.    , 240.    ], dtype=float32)
 array([  0.     , 192.79999, 135.     ], dtype=float32)
 array([0., 0., 1.], dtype=float32)]","[array([1., 0., 0., 0.], dtype=float32)
 array([ 0.        ,  0.49999997, -0.86602545, -0.        ], dtype=float32)
 array([-0.        ,  0.86602545,  0.49999997,  0.92883897], dtype=float32)
 array([0., 0., 0., 1.], dtype=float32)]","[array([-0.9994578 ,  0.01646333, -0.02851532,  0.840045  ], dtype=float32)
 array([ -0.03292666,  -0.49972886,   0.8655558 , -13.10358   ],
       dtype=float32)
 array([-0.        ,  0.86602545,  0.49999997, -2.1304939 ], dtype=float32)
 array([0., 0., 0., 1.], dtype=float32)]","[array([-0.33484375, -0.45196414,  0.82680595, -1.07011   ], dtype=float32)
 array([ 0.39420643,  0.7297887 ,  0.5585783 , -0.22284326], dtype=float32)
 array([-0.855851  ,  0.51296866, -0.06619801,  0.37980205], dtype=float32)
 array([0., 0., 0., 1.], dtype=float32)]","[array([241.12979,   0.     , 336.30847], dtype=float32)
 array([  0.     , 276.8471 , 189.27817], dtype=float32)
 array([0., 0., 1.], dtype=float32)]"
1,"[array([168.0498,   0.    , 240.    ], dtype=float32)
 array([  0.     , 192.79999, 135.     ], dtype=float32)
 array([0., 0., 1.], dtype=float32)]","[array([1., 0., 0., 0.], dtype=float32)
 array([ 0.        ,  0.49999997, -0.86602545, -0.        ], dtype=float32)
 array([-0.        ,  0.86602545,  0.49999997,  0.92883897], dtype=float32)
 array([0., 0., 0., 1.], dtype=float32)]","[array([-0.9995332 ,  0.01527612, -0.02645903,  0.8414184 ], dtype=float32)
 array([ -0.03055225,  -0.49976656,   0.86562115, -13.146503  ],
       dtype=float32)
 array([-0.        ,  0.86602545,  0.49999997, -2.1304939 ], dtype=float32)
 array([0., 0., 0., 1.], dtype=float32)]","[array([-0.33712676, -0.45160303,  0.8260752 , -1.0449404 ], dtype=float32)
 array([ 0.3939295 ,  0.72927225,  0.5594475 , -0.21941727], dtype=float32)
 array([-0.8550819 ,  0.51402014, -0.06795745,  0.37149975], dtype=float32)
 array([0., 0., 0., 1.], dtype=float32)]","[array([241.12979,   0.     , 336.30847], dtype=float32)
 array([  0.     , 276.8471 , 189.27817], dtype=float32)
 array([0., 0., 1.], dtype=float32)]"
2,"[array([168.0498,   0.    , 240.    ], dtype=float32)
 array([  0.     , 192.79999, 135.     ], dtype=float32)
 array([0., 0., 1.], dtype=float32)]","[array([1., 0., 0., 0.], dtype=float32)
 array([ 0.        ,  0.49999997, -0.86602545, -0.        ], dtype=float32)
 array([-0.        ,  0.86602545,  0.49999997,  0.92883897], dtype=float32)
 array([0., 0., 0., 1.], dtype=float32)]","[array([-0.99960387,  0.01407251, -0.0243743 ,  0.84268063], dtype=float32)
 array([ -0.02814502,  -0.4998019 ,   0.86568236, -13.189136  ],
       dtype=float32)
 array([-0.        ,  0.86602545,  0.49999997, -2.1304939 ], dtype=float32)
 array([0., 0., 0., 1.], dtype=float32)]","[array([-0.3394078 , -0.45123908,  0.82533973, -1.0197217 ], dtype=float32)
 array([ 0.3936501 ,  0.72875607,  0.5603161 , -0.2159795 ], dtype=float32)
 array([-0.8543079 ,  0.51507074, -0.06971519,  0.36317   ], dtype=float32)
 array([0., 0., 0., 1.], dtype=float32)]","[array([241.12979,   0.     , 336.30847], dtype=float32)
 array([  0.     , 276.8471 , 189.27817], dtype=float32)
 array([0., 0., 1.], dtype=float32)]"
3,"[array([168.0498,   0.    , 240.    ], dtype=float32)
 array([  0.     , 192.79999, 135.     ], dtype=float32)
 array([0., 0., 1.], dtype=float32)]","[array([1., 0., 0., 0.], dtype=float32)
 array([ 0.        ,  0.49999997, -0.86602545, -0.        ], dtype=float32)
 array([-0.        ,  0.86602545,  0.49999997,  0.92883897], dtype=float32)
 array([0., 0., 0., 1.], dtype=float32)]","[array([-0.9996696 ,  0.01285213, -0.02226054,  0.8438316 ], dtype=float32)
 array([ -0.02570426,  -0.49983478,   0.8657393 , -13.231478  ],
       dtype=float32)
 array([-0.        ,  0.86602545,  0.49999997, -2.1304939 ], dtype=float32)
 array([0., 0., 0., 1.], dtype=float32)]","[array([-0.34168684, -0.45087227,  0.82459944, -0.9944056 ], dtype=float32)
 array([ 0.39336827,  0.72824025,  0.5611841 , -0.21251816], dtype=float32)
 array([-0.85352886,  0.5161205 , -0.07147126,  0.35478526], dtype=float32)
 array([0., 0., 0., 1.], dtype=float32)]","[array([241.12979,   0.     , 336.30847], dtype=float32)
 array([  0.     , 276.8471 , 189.27817], dtype=float32)
 array([0., 0., 1.], dtype=float32)]"
4,"[array([168.0498,   0.    , 240.    ], dtype=float32)
 array([  0.     , 192.79999, 135.     ], dtype=float32)
 array([0., 0., 1.], dtype=float32)]","[array([1., 0., 0., 0.], dtype=float32)
 array([ 0.        ,  0.49999997, -0.86602545, -0.        ], dtype=float32)
 array([-0.        ,  0.86602545,  0.49999997,  0.92883897], dtype=float32)
 array([0., 0., 0., 1.], dtype=float32)]","[array([-0.99973017,  0.01161451, -0.02011693,  0.84487134], dtype=float32)
 array([ -0.02322903,  -0.49986506,   0.86579174, -13.27353   ],
       dtype=float32)
 array([-0.        ,  0.86602545,  0.49999997, -2.1304939 ], dtype=float32)
 array([0., 0., 0., 1.], dtype=float32)]","[array([-0.3439639 , -0.45050266,  0.8238545 , -0.96894294], dtype=float32)
 array([ 0.393084  ,  0.7277247 ,  0.5620514 , -0.20902148], dtype=float32)
 array([-0.8527449 ,  0.5171694 , -0.07322562,  0.3463181 ], dtype=float32)
 array([0., 0., 0., 1.], dtype=float32)]","[array([241.12979,   0.     , 336.30847], dtype=float32)
 array([  0.     , 276.8471 , 189.27817], dtype=float32)
 array([0., 0., 1.], dtype=float32)]"
5,"[array([168.0498,   0.    , 240.    ], dtype=float32)
 array([  0.     , 192.79999, 135.     ], dtype=float32)
 array([0., 0., 1.], dtype=float32)]","[array([1., 0., 0., 0.], dtype=float32)
 array([ 0.        ,  0.49999997, -0.86602545, -0.        ], dtype=float32)
 array([-0.        ,  0.86602545,  0.49999997,  0.92883897], dtype=float32)
 array([0., 0., 0., 1.], dtype=float32)]","[array([-0.99978536,  0.0103593 , -0.01794284,  0.8457999 ], dtype=float32)
 array([ -0.02071861,  -0.49989265,   0.86583954, -13.315291  ],
       dtype=float32)
 array([-0.        ,  0.86602545,  0.49999997, -2.1304939 ], dtype=float32)
 array([0., 0., 0., 1.], dtype=float32)]","[array([-0.3462389 , -0.4501302 ,  0.82310474, -0.9432849 ], dtype=float32)
 array([ 0.39279726,  0.7272094 ,  0.5629181 , -0.20547764], dtype=float32)
 array([-0.85195595,  0.51821744, -0.07497827,  0.33774102], dtype=float32)
 array([0., 0., 0., 1.], dtype=float32)]","[array([241.12979,   0.     , 336.30847], dtype=float32)
 array([  0.     , 276.8471 , 189.27817], dtype=float32)
 array([0., 0., 1.], dtype=float32)]"
6,"[array([168.0498,   0.    , 240.    ], dtype=float32)
 array([  0.     , 192.79999, 135.     ], dtype=float32)
 array([0., 0., 1.], dtype=float32)]","[array([1., 0., 0., 0.], dtype=float32)
 array([ 0.        ,  0.49999997, -0.86602545, -0.        ], dtype=float32)
 array([-0.        ,  0.86602545,  0.49999997,  0.92883897], dtype=float32)
 array([0., 0., 0., 1.], dtype=float32)]","[array([-0.99983484,  0.00908639, -0.01573809,  0.8466172 ], dtype=float32)
 array([ -0.01817278,  -0.49991742,   0.8658824 , -13.356763  ],
       dtype=float32)
 array([-0.        ,  0.86602545,  0.49999997, -2.1304939 ], dtype=float32)
 array([0., 0., 0., 1.], dtype=float32)]","[array([-0.3485119 , -0.44975492,  0.82235026, -0.9173827 ], dtype=float32)
 array([ 0.3925081 ,  0.7266944 ,  0.56378424, -0.2018749 ], dtype=float32)
 array([-0.8511621 ,  0.51926464, -0.0767292 ,  0.32902655], dtype=float32)
 array([0., 0., 0., 1.], dtype=float32)]","[array([241.12979,   0.     , 336.30847], dtype=float32)
 array([  0.     , 276.8471 , 189.27817], dtype=float32)
 array([0., 0., 1.], dtype=float32)]"
7,"[array([168.0498,   0.    , 240.    ], dtype=float32)
 array([  0.     , 192.79999, 135.     ], dtype=float32)
 array([0., 0., 1.], dtype=float32)]","[array([1., 0., 0., 0.], dtype=float32)
 array([ 0.        ,  0.49999997, -0.86602545, -0.        ], dtype=float32)
 array([-0.        ,  0.86602545,  0.49999997,  0.92883897], dtype=float32)
 array([0., 0., 0., 1.], dtype=float32)]","[array([-0.99987847,  0.00779518, -0.01350165,  0.84732336], dtype=float32)
 array([ -0.01559036,  -0.4999392 ,   0.8659202 , -13.3979435 ],
       dtype=float32)
 array([-0.        ,  0.86602545,  0.49999997, -2.1304939 ], dtype=float32)
 array([0., 0., 0., 1.], dtype=float32)]","[array([-0.35078284, -0.4493768 ,  0.8215911 , -0.8911875 ], dtype=float32)
 array([ 0.39221647,  0.7261797 ,  0.56464964, -0.19820145], dtype=float32)
 array([-0.85036325,  0.52031094, -0.0784784 ,  0.3201472 ], dtype=float32)
 array([0., 0., 0., 1.], dtype=float32)]","[array([241.12979,   0.     , 336.30847], dtype=float32)
 array([  0.     , 276.8471 , 189.27817], dtype=float32)
 array([0., 0., 1.], dtype=float32)]"
8,"[array([168.0498,   0.    , 240.    ], dtype=float32)
 array([  0.     , 192.79999, 135.     ], dtype=float32)
 array([0., 0., 1.], dtype=float32)]","[array([1., 0., 0., 0.], dtype=float32)
 array([ 0.        ,  0.49999997, -0.86602545, -0.        ], dtype=float32)
 array([-0.        ,  0.86602545,  0.49999997,  0.92883897], dtype=float32)
 array([0., 0., 0., 1.], dtype=float32)]","[array([-0.9999159 ,  0.00648544, -0.01123312,  0.8479183 ], dtype=float32)
 array([-1.2970886e-02, -4.9995792e-01,  8.6595255e-01, -1.3438834e+01],
       dtype=float32)
 array([-0.        ,  0.86602545,  0.49999997, -2.1304939 ], dtype=float32)
 array([0., 0., 0., 1.], dtype=float32)]","[array([-0.35305172, -0.44899586,  0.8208271 , -0.86465037], dtype=float32)
 array([ 0.3919224 ,  0.7256654 ,  0.56551445, -0.1944455 ], dtype=float32)
 array([-0.8495595 ,  0.5213564 , -0.08022586,  0.31107548], dtype=float32)
 array([0., 0., 0., 1.], dtype=float32)]","[array([241.12979,   0.     , 336.30847], dtype=float32)
 array([  0.     , 276.8471 , 189.27817], dtype=float32)
 array([0., 0., 1.], dtype=float32)]"
9,"[array([168.0498,   0.    , 240.    ], dtype=float32)
 array([  0.     , 192.79999, 135.     ], dtype=float32)
 array([0., 0., 1.], dtype=float32)]","[array([1., 0., 0., 0.], dtype=float32)
 array([ 0.        ,  0.49999997, -0.86602545, -0.        ], dtype=float32)
 array([-0.        ,  0.86602545,  0.49999997,  0.92883897], dtype=float32)
 array([0., 0., 0., 1.], dtype=float32)]","[array([-0.99994683,  0.00515683, -0.00893189,  0.84840196], dtype=float32)
 array([-1.0313654e-02, -4.9997339e-01,  8.6597937e-01, -1.3479434e+01],
       dtype=float32)
 array([-0.        ,  0.86602545,  0.49999997, -2.1304939 ], dtype=float32)
 array([0., 0., 0., 1.], dtype=float32)]","[array([-0.35531855, -0.4486121 ,  0.82005847, -0.8377226 ], dtype=float32)
 array([ 0.3916259,  0.7251513,  0.5663786, -0.1905953], dtype=float32)
 array([-0.84875077,  0.522401  , -0.08197158,  0.30178395], dtype=float32)
 array([0., 0., 0., 1.], dtype=float32)]","[array([241.12979,   0.     , 336.30847], dtype=float32)
 array([  0.     , 276.8471 , 189.27817], dtype=float32)
 array([0., 0., 1.], dtype=float32)]"
10,"[array([168.0498,   0.    , 240.    ], dtype=float32)
 array([  0.     , 192.79999, 135.     ], dtype=float32)
 array([0., 0., 1.], dtype=float32)]","[array([1., 0., 0., 0.], dtype=float32)
 array([ 0.        ,  0.49999997, -0.86602545, -0.        ], dtype=float32)
 array([-0.        ,  0.86602545,  0.49999997,  0.92883897], dtype=float32)
 array([0., 0., 0., 1.], dtype=float32)]","[array([-0.999971  ,  0.00380874, -0.00659694,  0.84877443], dtype=float32)
 array([-7.6174876e-03, -4.9998546e-01,  8.6600029e-01, -1.3519744e+01],
       dtype=float32)
 array([-0.        ,  0.86602545,  0.49999997, -2.1304939 ], dtype=float32)
 array([0., 0., 0., 1.], dtype=float32)]","[array([-0.35758325, -0.44822553,  0.8192851 , -0.8103553 ], dtype=float32)
 array([ 0.39132696,  0.72463757,  0.5672421 , -0.18663904], dtype=float32)
 array([-0.84793717,  0.52344465, -0.08371552,  0.2922451 ], dtype=float32)
 array([0., 0., 0., 1.], dtype=float32)]","[array([241.12979,   0.     , 336.30847], dtype=float32)
 array([  0.     , 276.8471 , 189.27817], dtype=float32)
 array([0., 0., 1.], dtype=float32)]"
11,"[array([168.0498,   0.    , 240.    ], dtype=float32)
 array([  0.     , 192.79999, 135.     ], dtype=float32)
 array([0., 0., 1.], dtype=float32)]","[array([1., 0., 0., 0.], dtype=float32)
 array([ 0.        ,  0.49999997, -0.86602545, -0.        ], dtype=float32)
 array([-0.        ,  0.86602545,  0.49999997,  0.92883897], dtype=float32)
 array([0., 0., 0., 1.], dtype=float32)]","[array([-0.9999881 ,  0.00244096, -0.00422787,  0.8490357 ], dtype=float32)
 array([-4.8819268e-03, -4.9999401e-01,  8.6601508e-01, -1.3559764e+01],
       dtype=float32)
 array([-0.        ,  0.86602545,  0.49999997, -2.1304939 ], dtype=float32)
 array([0., 0., 0., 1.], dtype=float32)]","[array([-0.36085314, -0.4478296 ,  0.818067  , -0.7825248 ], dtype=float32)
 array([ 0.39072236,  0.7238831 ,  0.5686205 , -0.182569  ], dtype=float32)
 array([-0.84683   ,  0.5248256 , -0.08623846,  0.28244156], dtype=float32)
 array([0., 0., 0., 1.], dtype=float32)]","[array([241.12979,   0.     , 336.30847], dtype=float32)
 array([  0.     , 276.8471 , 189.27817], dtype=float32)
 array([0., 0., 1.], dtype=float32)]"
12,"[array([168.0498,   0.    , 240.    ], dtype=float32)
 array([  0.     , 192.79999, 135.     ], dtype=float32)
 array([0., 0., 1.], dtype=float32)]","[array([1., 0., 0., 0.], dtype=float32)
 array([ 0.        ,  0.49999997, -0.86602545, -0.        ], dtype=float32)
 array([-0.        ,  0.86602545,  0.49999997,  0.92883897], dtype=float32)
 array([0., 0., 0., 1.], dtype=float32)]","[array([-9.9999881e-01,  7.7311561e-04, -1.3390756e-03,  8.4920239e-01],
       dtype=float32)
 array([-1.5462313e-03, -4.9999937e-01,  8.6602437e-01, -1.3607404e+01],
       dtype=float32)
 array([-0.        ,  0.86602545,  0.49999997, -2.1304939 ], dtype=float32)
 array([0., 0., 0., 1.], dtype=float32)]","[array([-0.3641186 , -0.44742817,  0.8168388 , -0.75430834], dtype=float32)
 array([ 0.39011222,  0.72312933,  0.56999683, -0.17839365], dtype=float32)
 array([-0.8457128 ,  0.52620524, -0.08875763,  0.27239653], dtype=float32)
 array([0., 0., 0., 1.], dtype=float32)]","[array([241.12979,   0.     , 336.30847], dtype=float32)
 array([  0.     , 276.8471 , 189.27817], dtype=float32)
 array([0., 0., 1.], dtype=float32)]"
13,"[array([168.0498,   0.    , 240.    ], dtype=float32)
 array([  0.     , 192.79999, 135.     ], dtype=float32)
 array([0., 0., 1.], dtype=float32)]","[array([1., 0., 0., 0.], dtype=float32)
 array([ 0.        ,  0.49999997, -0.86602545, -0.        ], dtype=float32)
 array([-0.        ,  0.86602545,  0.49999997,  0.92883897], dtype=float32)
 array([0., 0., 0., 1.], dtype=float32)]","[array([-9.9999827e-01, -9.2454295e-04,  1.6013555e-03,  8.4920895e-01],
       dtype=float32)
 array([ 1.8490860e-03, -4.9999911e-01,  8.6602396e-01, -1.3654626e+01],
       dtype=float32)
 array([-0.        ,  0.86602545,  0.49999997, -2.1304939 ], dtype=float32)
 array([0., 0., 0., 1.], dtype=float32)]","[array([-0.36737955, -0.44702122,  0.8156006 , -0.7258082 ], dtype=float32)
 array([ 0.38949662,  0.7223762 ,  0.57137114, -0.17412557], dtype=float32)
 array([-0.8445855 ,  0.5275837 , -0.09127299,  0.26214325], dtype=float32)
 array([0., 0., 0., 1.], dtype=float32)]","[array([241.12979,   0.     , 336.30847], dtype=float32)
 array([  0.     , 276.8471 , 189.27817], dtype=float32)
 array([0., 0., 1.], dtype=float32)]"
14,"[array([168.0498,   0.    , 240.    ], dtype=float32)
 array([  0.     , 192.79999, 135.     ], dtype=float32)
 array([0., 0., 1.], dtype=float32)]","[array([1., 0., 0., 0.], dtype=float32)
 array([ 0.        ,  0.49999997, -0.86602545, -0.        ], dtype=float32)
 array([-0.        ,  0.86602545,  0.49999997,  0.92883897], dtype=float32)
 array([0., 0., 0., 1.], dtype=float32)]","[array([-0.99998593, -0.00265271,  0.00459463,  0.84905535], dtype=float32)
 array([ 5.3054164e-03, -4.9999294e-01,  8.6601323e-01, -1.3701430e+01],
       dtype=float32)
 array([-0.        ,  0.86602545,  0.49999997, -2.1304939 ], dtype=float32)
 array([0., 0., 0., 1.], dtype=float32)]","[array([-0.37063596, -0.44660875,  0.8143523 , -0.69712675], dtype=float32)
 array([ 0.3888755 ,  0.72162384,  0.5727433 , -0.16977729], dtype=float32)
 array([-0.84344816,  0.52896094, -0.09378453,  0.25171497], dtype=float32)
 array([0., 0., 0., 1.], dtype=float32)]","[array([241.12979,   0.     , 336.30847], dtype=float32)
 array([  0.     , 276.8471 , 189.27817], dtype=float32)
 array([0., 0., 1.], dtype=float32)]"
15,"[array([168.0498,   0.    , 240.    ], dtype=float32)
 array([  0.     , 192.79999, 135.     ], dtype=float32)
 array([0., 0., 1.], dtype=float32)]","[array([1., 0., 0., 0.], dtype=float32)
 array([ 0.        ,  0.49999997, -0.86602545, -0.        ], dtype=float32)
 array([-0.        ,  0.86602545,  0.49999997,  0.92883897], dtype=float32)
 array([0., 0., 0., 1.], dtype=float32)]","[array([-0.9999611 , -0.00441195,  0.00764173,  0.8487416 ], dtype=float32)
 array([ 8.8239079e-03, -4.9998051e-01,  8.6599171e-01, -1.3747816e+01],
       dtype=float32)
 array([-0.        ,  0.86602545,  0.49999997, -2.1304939 ], dtype=float32)
 array([0., 0., 0., 1.], dtype=float32)]","[array([-0.3738878, -0.4461908,  0.8130939, -0.6683664], dtype=float32)
 array([ 0.38824895,  0.7208721 ,  0.57411337, -0.16536134], dtype=float32)
 array([-0.84230083,  0.5303368 , -0.09629221,  0.24114503], dtype=float32)
 array([0., 0., 0., 1.], dtype=float32)]","[array([241.12979,   0.     , 336.30847], dtype=float32)
 array([  0.     , 276.8471 , 189.27817], dtype=float32)
 array([0., 0., 1.], dtype=float32)]"
16,"[array([168.0498,   0.    , 240.    ], dtype=float32)
 array([  0.     , 192.79999, 135.     ], dtype=float32)
 array([0., 0., 1.], dtype=float32)]","[array([1., 0., 0., 0.], dtype=float32)
 array([ 0.        ,  0.49999997, -0.86602545, -0.        ], dtype=float32)
 array([-0.        ,  0.86602545,  0.49999997,  0.92883897], dtype=float32)
 array([0., 0., 0., 1.], dtype=float32)]","[array([-0.99992305, -0.00620333,  0.01074448,  0.8482677 ], dtype=float32)
 array([ 1.2406658e-02, -4.9996150e-01,  8.6595875e-01, -1.3793784e+01],
       dtype=float32)
 array([-0.        ,  0.86602545,  0.49999997, -2.1304939 ], dtype=float32)
 array([0., 0., 0., 1.], dtype=float32)]","[array([-0.37713504, -0.4457673 ,  0.8118255 , -0.63962936], dtype=float32)
 array([ 0.3876169 ,  0.72012115,  0.5754813 , -0.1608903 ], dtype=float32)
 array([-0.8411434 ,  0.53171146, -0.09879598,  0.23046663], dtype=float32)
 array([0., 0., 0., 1.], dtype=float32)]","[array([241.12979,   0.     , 336.30847], dtype=float32)
 array([  0.     , 276.8471 , 189.27817], dtype=float32)
 array([0., 0., 1.], dtype=float32)]"
17,"[array([168.0498,   0.    , 240.    ], dtype=float32)
 array([  0.     , 192.79999, 135.     ], dtype=float32)
 array([0., 0., 1.], dtype=float32)]","[array([1., 0., 0., 0.], dtype=float32)
 array([ 0.        ,  0.49999997, -0.86602545, -0.        ], dtype=float32)
 array([-0.        ,  0.86602545,  0.49999997,  0.92883897], dtype=float32)
 array([0., 0., 0., 1.], dtype=float32)]","[array([-0.99987113, -0.0080274 ,  0.01390387,  0.84763366], dtype=float32)
 array([  0.01605481,  -0.49993554,   0.8659138 , -13.839334  ],
       dtype=float32)
 array([-0.        ,  0.86602545,  0.49999997, -2.1304939 ], dtype=float32)
 array([0., 0., 0., 1.], dtype=float32)]","[array([-0.38037765, -0.44533834,  0.8105471 , -0.6110181 ], dtype=float32)
 array([ 0.38697937,  0.71937084,  0.5768471 , -0.1563767 ], dtype=float32)
 array([-0.8399761 ,  0.53308475, -0.10129584,  0.21971309], dtype=float32)
 array([0., 0., 0., 1.], dtype=float32)]","[array([241.12979,   0.     , 336.30847], dtype=float32)
 array([  0.     , 276.8471 , 189.27817], dtype=float32)
 array([0., 0., 1.], dtype=float32)]"
18,"[array([168.0498,   0.    , 240.    ], dtype=float32)
 array([  0.     , 192.79999, 135.     ], dtype=float32)
 array([0., 0., 1.], dtype=float32)]","[array([1., 0., 0., 0.], dtype=float32)
 array([ 0.        ,  0.49999997, -0.86602545, -0.        ], dtype=float32)
 array([-0.        ,  0.86602545,  0.49999997,  0.92883897], dtype=float32)
 array([0., 0., 0., 1.], dtype=float32)]","[array([-0.99980456, -0.00988522,  0.0171217 ,  0.8468394 ], dtype=float32)
 array([  0.01977044,  -0.49990225,   0.8658562 , -13.884465  ],
       dtype=float32)
 array([-0.        ,  0.86602545,  0.49999997, -2.1304939 ], dtype=float32)
 array([0., 0., 0., 1.], dtype=float32)]","[array([-0.38361552, -0.44490388,  0.8092587 , -0.5826349 ], dtype=float32)
 array([ 0.38633642,  0.7186213 ,  0.5782107 , -0.15183309], dtype=float32)
 array([-0.8387987 ,  0.53445673, -0.10379173,  0.20891766], dtype=float32)
 array([0., 0., 0., 1.], dtype=float32)]","[array([241.12979,   0.     , 336.30847], dtype=float32)
 array([  0.     , 276.8471 , 189.27817], dtype=float32)
 array([0., 0., 1.], dtype=float32)]"
19,"[array([168.0498,   0.    , 240.    ], dtype=float32)
 array([  0.     , 192.79999, 135.     ], dtype=float32)
 array([0., 0., 1.], dtype=float32)]","[array([1., 0., 0., 0.], dtype=float32)
 array([ 0.        ,  0.49999997, -0.86602545, -0.        ], dtype=float32)
 array([-0.        ,  0.86602545,  0.49999997,  0.92883897], dtype=float32)
 array([0., 0., 0., 1.], dtype=float32)]","[array([-0.99972254, -0.01177746,  0.02039916,  0.8458851 ], dtype=float32)
 array([  0.02355492,  -0.49986124,   0.8657851 , -13.929179  ],
       dtype=float32)
 array([-0.        ,  0.86602545,  0.49999997, -2.1304939 ], dtype=float32)
 array([0., 0., 0., 1.], dtype=float32)]","[array([-0.3868487 , -0.4444639 ,  0.80796033, -0.5545823 ], dtype=float32)
 array([ 0.38568798,  0.7178725 ,  0.57957214, -0.147272  ], dtype=float32)
 array([-0.8376114 ,  0.53582734, -0.10628364,  0.19811362], dtype=float32)
 array([0., 0., 0., 1.], dtype=float32)]","[array([241.12979,   0.     , 336.30847], dtype=float32)
 array([  0.     , 276.8471 , 189.27817], dtype=float32)
 array([0., 0., 1.], dtype=float32)]"
20,"[array([168.0498,   0.    , 240.    ], dtype=float32)
 array([  0.     , 192.79999, 135.     ], dtype=float32)
 array([0., 0., 1.], dtype=float32)]","[array([1., 0., 0., 0.], dtype=float32)
 array([ 0.        ,  0.49999997, -0.86602545, -0.        ], dtype=float32)
 array([-0.        ,  0.86602545,  0.49999997,  0.92883897], dtype=float32)
 array([0., 0., 0., 1.], dtype=float32)]","[array([-0.99962425, -0.01370516,  0.02373804,  0.84477055], dtype=float32)
 array([  0.02741032,  -0.4998121 ,   0.8657    , -13.9734745 ],
       dtype=float32)
 array([-0.        ,  0.86602545,  0.49999997, -2.1304939 ], dtype=float32)
 array([0., 0., 0., 1.], dtype=float32)]","[array([-0.39007708, -0.44401848,  0.806652  , -0.5269624 ], dtype=float32)
 array([ 0.38503414,  0.7171244 ,  0.5809314 , -0.142706  ], dtype=float32)
 array([-0.8364141 ,  0.5371966 , -0.10877154,  0.18733424], dtype=float32)
 array([0., 0., 0., 1.], dtype=float32)]","[array([241.12979,   0.     , 336.30847], dtype=float32)
 array([  0.     , 276.8471 , 189.27817], dtype=float32)
 array([0., 0., 1.], dtype=float32)]"
21,"[array([168.0498,   0.    , 240.    ], dtype=float32)
 array([  0.     , 192.79999, 135.     ], dtype=float32)
 array([0., 0., 1.], dtype=float32)]","[array([1., 0., 0., 0.], dtype=float32)
 array([ 0.        ,  0.49999997, -0.86602545, -0.        ], dtype=float32)
 array([-0.        ,  0.86602545,  0.49999997,  0.92883897], dtype=float32)
 array([0., 0., 0., 1.], dtype=float32)]","[array([-0.99950886, -0.01566912,  0.02713971,  0.8434959 ], dtype=float32)
 array([  0.03133824,  -0.4997544 ,   0.86560005, -14.017352  ],
       dtype=float32)
 array([-0.        ,  0.86602545,  0.49999997, -2.1304939 ], dtype=float32)
 array([0., 0., 0., 1.], dtype=float32)]","[array([-0.3940084 , -0.44308552,  0.80525315, -0.49985683], dtype=float32)
 array([ 0.38438016,  0.71639204,  0.58226657, -0.13814677], dtype=float32)
 array([-0.8348708 ,  0.53894126, -0.1119512 ,  0.1766075 ], dtype=float32)
 array([0., 0., 0., 1.], dtype=float32)]","[array([241.12979,   0.     , 336.30847], dtype=float32)
 array([  0.     , 276.8471 , 189.27817], dtype=float32)
 array([0., 0., 1.], dtype=float32)]"
22,"[array([168.0498,   0.    , 240.    ], dtype=float32)
 array([  0.     , 192.79999, 135.     ], dtype=float32)
 array([0., 0., 1.], dtype=float32)]","[array([1., 0., 0., 0.], dtype=float32)
 array([ 0.        ,  0.49999997, -0.86602545, -0.        ], dtype=float32)
 array([-0.        ,  0.86602545,  0.49999997,  0.92883897], dtype=float32)
 array([0., 0., 0., 1.], dtype=float32)]","[array([-0.9993753 , -0.01767048,  0.03060618,  0.8420611 ], dtype=float32)
 array([  0.03534097,  -0.49968764,   0.8654844 , -14.060811  ],
       dtype=float32)
 array([-0.        ,  0.86602545,  0.49999997, -2.1304939 ], dtype=float32)
 array([0., 0., 0., 1.], dtype=float32)]","[array([-0.39793253, -0.44214448,  0.8038395 , -0.47326362], dtype=float32)
 array([ 0.38371968,  0.7156612 ,  0.5835993 , -0.13360259], dtype=float32)
 array([-0.83331203,  0.5406822 , -0.11512533,  0.16594027], dtype=float32)
 array([0., 0., 0., 1.], dtype=float32)]","[array([241.12979,   0.     , 336.30847], dtype=float32)
 array([  0.     , 276.8471 , 189.27817], dtype=float32)
 array([0., 0., 1.], dtype=float32)]"
23,"[array([168.0498,   0.    , 240.    ], dtype=float32)
 array([  0.     , 192.79999, 135.     ], dtype=float32)
 array([0., 0., 1.], dtype=float32)]","[array([1., 0., 0., 0.], dtype=float32)
 array([ 0.        ,  0.49999997, -0.86602545, -0.        ], dtype=float32)
 array([-0.        ,  0.86602545,  0.49999997,  0.92883897], dtype=float32)
 array([0., 0., 0., 1.], dtype=float32)]","[array([-0.99922276, -0.01970992,  0.03413858,  0.84046614], dtype=float32)
 array([  0.03941984,  -0.49961135,   0.8653523 , -14.103852  ],
       dtype=float32)
 array([-0.        ,  0.86602545,  0.49999997, -2.1304939 ], dtype=float32)
 array([0., 0., 0., 1.], dtype=float32)]","[array([-0.40184936, -0.4411954 ,  0.8024112 , -0.44715992], dtype=float32)
 array([ 0.38305274,  0.714932  ,  0.58492976, -0.12908082], dtype=float32)
 array([-0.83173776,  0.54241943, -0.11829387,  0.15533409], dtype=float32)
 array([0., 0., 0., 1.], dtype=float32)]","[array([241.12979,   0.     , 336.30847], dtype=float32)
 array([  0.     , 276.8471 , 189.27817], dtype=float32)
 array([0., 0., 1.], dtype=float32)]"
24,"[array([168.0498,   0.    , 240.    ], dtype=float32)
 array([  0.     , 192.79999, 135.     ], dtype=float32)
 array([0., 0., 1.], dtype=float32)]","[array([1., 0., 0., 0.], dtype=float32)
 array([ 0.        ,  0.49999997, -0.86602545, -0.        ], dtype=float32)
 array([-0.        ,  0.86602545,  0.49999997,  0.92883897], dtype=float32)
 array([0., 0., 0., 1.], dtype=float32)]","[array([-0.9990501 , -0.02178857,  0.0377389 ,  0.8387111 ], dtype=float32)
 array([  0.04357713,  -0.499525  ,   0.8652027 , -14.146476  ],
       dtype=float32)
 array([-0.        ,  0.86602545,  0.49999997, -2.1304939 ], dtype=float32)
 array([0., 0., 0., 1.], dtype=float32)]","[array([-0.40575886, -0.44023824,  0.80096817, -0.42152295], dtype=float32)
 array([ 0.3823793,  0.7142044,  0.5862578, -0.1245889], dtype=float32)
 array([-0.8301481 ,  0.544153  , -0.12145675,  0.14479052], dtype=float32)
 array([0., 0., 0., 1.], dtype=float32)]","[array([241.12979,   0.     , 336.30847], dtype=float32)
 array([  0.     , 276.8471 , 189.27817], dtype=float32)
 array([0., 0., 1.], dtype=float32)]"
25,"[array([168.0498,   0.    , 240.    ], dtype=float32)
 array([  0.     , 192.79999, 135.     ], dtype=float32)
 array([0., 0., 1.], dtype=float32)]","[array([1., 0., 0., 0.], dtype=float32)
 array([ 0.        ,  0.49999997, -0.86602545, -0.        ], dtype=float32)
 array([-0.        ,  0.86602545,  0.49999997,  0.92883897], dtype=float32)
 array([0., 0., 0., 1.], dtype=float32)]","[array([-0.9988562 , -0.02390756,  0.04140911,  0.8367958 ], dtype=float32)
 array([  0.04781512,  -0.49942806,   0.8650349 , -14.188681  ],
       dtype=float32)
 array([-0.        ,  0.86602545,  0.49999997, -2.1304939 ], dtype=float32)
 array([0., 0., 0., 1.], dtype=float32)]","[array([-0.40966094, -0.43927306,  0.79951054, -0.39632985], dtype=float32)
 array([ 0.3816994 ,  0.7134783 ,  0.5875834 , -0.12013422], dtype=float32)
 array([-0.828543  ,  0.54588264, -0.12461392,  0.13431111], dtype=float32)
 array([0., 0., 0., 1.], dtype=float32)]","[array([241.12979,   0.     , 336.30847], dtype=float32)
 array([  0.     , 276.8471 , 189.27817], dtype=float32)
 array([0., 0., 1.], dtype=float32)]"
26,"[array([168.0498,   0.    , 240.    ], dtype=float32)
 array([  0.     , 192.79999, 135.     ], dtype=float32)
 array([0., 0., 1.], dtype=float32)]","[array([1., 0., 0., 0.], dtype=float32)
 array([ 0.        ,  0.49999997, -0.86602545, -0.        ], dtype=float32)
 array([-0.        ,  0.86602545,  0.49999997,  0.92883897], dtype=float32)
 array([0., 0., 0., 1.], dtype=float32)]","[array([-0.99864   , -0.02606791,  0.04515094,  0.8347204 ], dtype=float32)
 array([  0.05213581,  -0.49931997,   0.8648476 , -14.230468  ],
       dtype=float32)
 array([-0.        ,  0.86602545,  0.49999997, -2.1304939 ], dtype=float32)
 array([0., 0., 0., 1.], dtype=float32)]","[array([-0.4135555 , -0.43829986,  0.79803824, -0.37155783], dtype=float32)
 array([ 0.38101307,  0.7127539 ,  0.5889066 , -0.11572418], dtype=float32)
 array([-0.82692254,  0.54760855, -0.12776533,  0.12389743], dtype=float32)
 array([0., 0., 0., 1.], dtype=float32)]","[array([241.12979,   0.     , 336.30847], dtype=float32)
 array([  0.     , 276.8471 , 189.27817], dtype=float32)
 array([0., 0., 1.], dtype=float32)]"
27,"[array([168.0498,   0.    , 240.    ], dtype=float32)
 array([  0.     , 192.79999, 135.     ], dtype=float32)
 array([0., 0., 1.], dtype=float32)]","[array([1., 0., 0., 0.], dtype=float32)
 array([ 0.        ,  0.49999997, -0.86602545, -0.        ], dtype=float32)
 array([-0.        ,  0.86602545,  0.49999997,  0.92883897], dtype=float32)
 array([0., 0., 0., 1.], dtype=float32)]","[array([-0.9984003 , -0.02827049,  0.04896593,  0.83248484], dtype=float32)
 array([  0.05654099,  -0.4992001 ,   0.86464   , -14.271836  ],
       dtype=float32)
 array([-0.        ,  0.86602545,  0.49999997, -2.1304939 ], dtype=float32)
 array([0., 0., 0., 1.], dtype=float32)]","[array([-0.41744253, -0.43731868,  0.7965514 , -0.34718403], dtype=float32)
 array([ 0.38032025,  0.71203107,  0.59022725, -0.1113662 ], dtype=float32)
 array([-0.82528675,  0.5493306 , -0.1309109 ,  0.11355103], dtype=float32)
 array([0., 0., 0., 1.], dtype=float32)]","[array([241.12979,   0.     , 336.30847], dtype=float32)
 array([  0.     , 276.8471 , 189.27817], dtype=float32)
 array([0., 0., 1.], dtype=float32)]"
28,"[array([168.0498,   0.    , 240.    ], dtype=float32)
 array([  0.     , 192.79999, 135.     ], dtype=float32)
 array([0., 0., 1.], dtype=float32)]","[array([1., 0., 0., 0.], dtype=float32)
 array([ 0.        ,  0.49999997, -0.86602545, -0.        ], dtype=float32)
 array([-0.        ,  0.86602545,  0.49999997,  0.92883897], dtype=float32)
 array([0., 0., 0., 1.], dtype=float32)]","[array([-0.9981357 , -0.03051679,  0.05285664,  0.8300891 ], dtype=float32)
 array([  0.06103359,  -0.49906784,   0.8644109 , -14.312787  ],
       dtype=float32)
 array([-0.        ,  0.86602545,  0.49999997, -2.1304939 ], dtype=float32)
 array([0., 0., 0., 1.], dtype=float32)]","[array([-0.42132193, -0.4363295 ,  0.7950499 , -0.32318568], dtype=float32)
 array([ 0.37962103,  0.7113099 ,  0.59154546, -0.10706767], dtype=float32)
 array([-0.82363564,  0.55104876, -0.13405061,  0.10327348], dtype=float32)
 array([0., 0., 0., 1.], dtype=float32)]","[array([241.12979,   0.     , 336.30847], dtype=float32)
 array([  0.     , 276.8471 , 189.27817], dtype=float32)
 array([0., 0., 1.], dtype=float32)]"
29,"[array([168.0498,   0.    , 240.    ], dtype=float32)
 array([  0.     , 192.79999, 135.     ], dtype=float32)
 array([0., 0., 1.], dtype=float32)]","[array([1., 0., 0., 0.], dtype=float32)
 array([ 0.        ,  0.49999997, -0.86602545, -0.        ], dtype=float32)
 array([-0.        ,  0.86602545,  0.49999997,  0.92883897], dtype=float32)
 array([0., 0., 0., 1.], dtype=float32)]","[array([-0.997845  , -0.03280768,  0.05682457,  0.82753325], dtype=float32)
 array([  0.06561536,  -0.49892247,   0.8641591 , -14.35332   ],
       dtype=float32)
 array([-0.        ,  0.86602545,  0.49999997, -2.1304939 ], dtype=float32)
 array([0., 0., 0., 1.], dtype=float32)]","[array([-0.4251936 , -0.43533242,  0.7935339 , -0.29953995], dtype=float32)
 array([ 0.3789154 ,  0.7105904 ,  0.5928612 , -0.10283601], dtype=float32)
 array([-0.8219693 ,  0.55276304, -0.13718435,  0.09306633], dtype=float32)
 array([0., 0., 0., 1.], dtype=float32)]","[array([241.12979,   0.     , 336.30847], dtype=float32)
 array([  0.     , 276.8471 , 189.27817], dtype=float32)
 array([0., 0., 1.], dtype=float32)]"
30,"[array([168.0498,   0.    , 240.    ], dtype=float32)
 array([  0.     , 192.79999, 135.     ], dtype=float32)
 array([0., 0., 1.], dtype=float32)]","[array([1., 0., 0., 0.], dtype=float32)
 array([ 0.        ,  0.49999997, -0.86602545, -0.        ], dtype=float32)
 array([-0.        ,  0.86602545,  0.49999997,  0.92883897], dtype=float32)
 array([0., 0., 0., 1.], dtype=float32)]","[array([-0.99752665, -0.0351446 ,  0.06087225,  0.82481724], dtype=float32)
 array([  0.07028922,  -0.4987633 ,   0.86388344, -14.393435  ],
       dtype=float32)
 array([-0.        ,  0.86602545,  0.49999997, -2.1304939 ], dtype=float32)
 array([0., 0., 0., 1.], dtype=float32)]","[array([-0.42905754, -0.43432733,  0.7920034 , -0.27622402], dtype=float32)
 array([ 0.37820336,  0.7098726 ,  0.5941743 , -0.0986786 ], dtype=float32)
 array([-0.82028764,  0.55447334, -0.14031212,  0.08293113], dtype=float32)
 array([0., 0., 0., 1.], dtype=float32)]","[array([241.12979,   0.     , 336.30847], dtype=float32)
 array([  0.     , 276.8471 , 189.27817], dtype=float32)
 array([0., 0., 1.], dtype=float32)]"
31,"[array([168.0498,   0.    , 240.    ], dtype=float32)
 array([  0.     , 192.79999, 135.     ], dtype=float32)
 array([0., 0., 1.], dtype=float32)]","[array([1., 0., 0., 0.], dtype=float32)
 array([ 0.        ,  0.49999997, -0.86602545, -0.        ], dtype=float32)
 array([-0.        ,  0.86602545,  0.49999997,  0.92883897], dtype=float32)
 array([0., 0., 0., 1.], dtype=float32)]","[array([-0.9971792 , -0.03752855,  0.06500135,  0.8219411 ], dtype=float32)
 array([  0.0750571 ,  -0.4985896 ,   0.86358255, -14.433131  ],
       dtype=float32)
 array([-0.        ,  0.86602545,  0.49999997, -2.1304939 ], dtype=float32)
 array([0., 0., 0., 1.], dtype=float32)]","[array([-0.43382213, -0.43317285,  0.79003775, -0.25321257], dtype=float32)
 array([ 0.37730145,  0.70892227,  0.5958799 , -0.09459755], dtype=float32)
 array([-0.8181943 ,  0.5565883 , -0.14410941,  0.07286409], dtype=float32)
 array([0., 0., 0., 1.], dtype=float32)]","[array([241.12979,   0.     , 336.30847], dtype=float32)
 array([  0.     , 276.8471 , 189.27817], dtype=float32)
 array([0., 0., 1.], dtype=float32)]"
32,"[array([168.0498,   0.    , 240.    ], dtype=float32)
 array([  0.     , 192.79999, 135.     ], dtype=float32)
 array([0., 0., 1.], dtype=float32)]","[array([1., 0., 0., 0.], dtype=float32)
 array([ 0.        ,  0.49999997, -0.86602545, -0.        ], dtype=float32)
 array([-0.        ,  0.86602545,  0.49999997,  0.92883897], dtype=float32)
 array([0., 0., 0., 1.], dtype=float32)]","[array([-0.99680114, -0.03996095,  0.0692144 ,  0.81890476], dtype=float32)
 array([  0.0799219 ,  -0.49840054,   0.86325514, -14.47241   ],
       dtype=float32)
 array([-0.        ,  0.86602545,  0.49999997, -2.1304939 ], dtype=float32)
 array([0., 0., 0., 1.], dtype=float32)]","[array([-0.4385746 , -0.43200615,  0.7880501 , -0.23047046], dtype=float32)
 array([ 0.37638924,  0.7079744 ,  0.5975813 , -0.09057374], dtype=float32)
 array([-0.81607807,  0.5586976 , -0.14789711,  0.0628399 ], dtype=float32)
 array([0., 0., 0., 1.], dtype=float32)]","[array([241.12979,   0.     , 336.30847], dtype=float32)
 array([  0.     , 276.8471 , 189.27817], dtype=float32)
 array([0., 0., 1.], dtype=float32)]"
33,"[array([168.0498,   0.    , 240.    ], dtype=float32)
 array([  0.     , 192.79999, 135.     ], dtype=float32)
 array([0., 0., 1.], dtype=float32)]","[array([1., 0., 0., 0.], dtype=float32)
 array([ 0.        ,  0.49999997, -0.86602545, -0.        ], dtype=float32)
 array([-0.        ,  0.86602545,  0.49999997,  0.92883897], dtype=float32)
 array([0., 0., 0., 1.], dtype=float32)]","[array([-0.99639064, -0.04244311,  0.07351363,  0.81570834], dtype=float32)
 array([  0.08488623,  -0.4981953 ,   0.8628996 , -14.5112705 ],
       dtype=float32)
 array([-0.        ,  0.86602545,  0.49999997, -2.1304939 ], dtype=float32)
 array([0., 0., 0., 1.], dtype=float32)]","[array([-0.44331485, -0.43082726,  0.7860406 , -0.20796002], dtype=float32)
 array([ 0.37546673,  0.7070289 ,  0.59927857, -0.08658276], dtype=float32)
 array([-0.813939  ,  0.5608012 , -0.15167512,  0.05282791], dtype=float32)
 array([0., 0., 0., 1.], dtype=float32)]","[array([241.12979,   0.     , 336.30847], dtype=float32)
 array([  0.     , 276.8471 , 189.27817], dtype=float32)
 array([0., 0., 1.], dtype=float32)]"
34,"[array([168.0498,   0.    , 240.    ], dtype=float32)
 array([  0.     , 192.79999, 135.     ], dtype=float32)
 array([0., 0., 1.], dtype=float32)]","[array([1., 0., 0., 0.], dtype=float32)
 array([ 0.        ,  0.49999997, -0.86602545, -0.        ], dtype=float32)
 array([-0.        ,  0.86602545,  0.49999997,  0.92883897], dtype=float32)
 array([0., 0., 0., 1.], dtype=float32)]","[array([-0.99594605, -0.04497635,  0.07790133,  0.8123517 ], dtype=float32)
 array([  0.0899527 ,  -0.497973  ,   0.86251456, -14.549712  ],
       dtype=float32)
 array([-0.        ,  0.86602545,  0.49999997, -2.1304939 ], dtype=float32)
 array([0., 0., 0., 1.], dtype=float32)]","[array([-0.44804272, -0.42963618,  0.7840092 , -0.18564361], dtype=float32)
 array([ 0.374534  ,  0.706086  ,  0.60097164, -0.0826002 ], dtype=float32)
 array([-0.81177706,  0.56289905, -0.15544333,  0.04279745], dtype=float32)
 array([0., 0., 0., 1.], dtype=float32)]","[array([241.12979,   0.     , 336.30847], dtype=float32)
 array([  0.     , 276.8471 , 189.27817], dtype=float32)
 array([0., 0., 1.], dtype=float32)]"
35,"[array([168.0498,   0.    , 240.    ], dtype=float32)
 array([  0.     , 192.79999, 135.     ], dtype=float32)
 array([0., 0., 1.], dtype=float32)]","[array([1., 0., 0., 0.], dtype=float32)
 array([ 0.        ,  0.49999997, -0.86602545, -0.        ], dtype=float32)
 array([-0.        ,  0.86602545,  0.49999997,  0.92883897], dtype=float32)
 array([0., 0., 0., 1.], dtype=float32)]","[array([-0.99546546, -0.04756194,  0.0823797 ,  0.8088349 ], dtype=float32)
 array([  0.09512388,  -0.4977327 ,   0.8620984 , -14.587737  ],
       dtype=float32)
 array([-0.        ,  0.86602545,  0.49999997, -2.1304939 ], dtype=float32)
 array([0., 0., 0., 1.], dtype=float32)]","[array([-0.4527581 , -0.42843297,  0.7819561 , -0.1634836 ], dtype=float32)
 array([ 0.37359104,  0.7051455 ,  0.6026604 , -0.07860161], dtype=float32)
 array([-0.80959237,  0.5649912 , -0.15920162,  0.03271787], dtype=float32)
 array([0., 0., 0., 1.], dtype=float32)]","[array([241.12979,   0.     , 336.30847], dtype=float32)
 array([  0.     , 276.8471 , 189.27817], dtype=float32)
 array([0., 0., 1.], dtype=float32)]"
36,"[array([168.0498,   0.    , 240.    ], dtype=float32)
 array([  0.     , 192.79999, 135.     ], dtype=float32)
 array([0., 0., 1.], dtype=float32)]","[array([1., 0., 0., 0.], dtype=float32)
 array([ 0.        ,  0.49999997, -0.86602545, -0.        ], dtype=float32)
 array([-0.        ,  0.86602545,  0.49999997,  0.92883897], dtype=float32)
 array([0., 0., 0., 1.], dtype=float32)]","[array([-0.99494684, -0.05020152,  0.08695158,  0.805158  ], dtype=float32)
 array([  0.10040304,  -0.4974734 ,   0.8616493 , -14.625343  ],
       dtype=float32)
 array([-0.        ,  0.86602545,  0.49999997, -2.1304939 ], dtype=float32)
 array([0., 0., 0., 1.], dtype=float32)]","[array([-0.45746085, -0.42721766,  0.7798812 , -0.14144233], dtype=float32)
 array([ 0.37263787,  0.7042076 ,  0.60434484, -0.07456259], dtype=float32)
 array([-0.807385  ,  0.56707734, -0.16294992,  0.02255851], dtype=float32)
 array([0., 0., 0., 1.], dtype=float32)]","[array([241.12979,   0.     , 336.30847], dtype=float32)
 array([  0.     , 276.8471 , 189.27817], dtype=float32)
 array([0., 0., 1.], dtype=float32)]"
37,"[array([168.0498,   0.    , 240.    ], dtype=float32)
 array([  0.     , 192.79999, 135.     ], dtype=float32)
 array([0., 0., 1.], dtype=float32)]","[array([1., 0., 0., 0.], dtype=float32)
 array([ 0.        ,  0.49999997, -0.86602545, -0.        ], dtype=float32)
 array([-0.        ,  0.86602545,  0.49999997,  0.92883897], dtype=float32)
 array([0., 0., 0., 1.], dtype=float32)]","[array([-0.99438816, -0.05289647,  0.09161937,  0.80132097], dtype=float32)
 array([  0.10579293,  -0.49719405,   0.86116546, -14.662531  ],
       dtype=float32)
 array([-0.        ,  0.86602545,  0.49999997, -2.1304939 ], dtype=float32)
 array([0., 0., 0., 1.], dtype=float32)]","[array([-0.4621508 , -0.4259903 ,  0.7777846 , -0.11948215], dtype=float32)
 array([ 0.37167454,  0.7032722 ,  0.6060249 , -0.07045872], dtype=float32)
 array([-0.80515504,  0.56915766, -0.16668808,  0.0122887 ], dtype=float32)
 array([0., 0., 0., 1.], dtype=float32)]","[array([241.12979,   0.     , 336.30847], dtype=float32)
 array([  0.     , 276.8471 , 189.27817], dtype=float32)
 array([0., 0., 1.], dtype=float32)]"
38,"[array([168.0498,   0.    , 240.    ], dtype=float32)
 array([  0.     , 192.79999, 135.     ], dtype=float32)
 array([0., 0., 1.], dtype=float32)]","[array([1., 0., 0., 0.], dtype=float32)
 array([ 0.        ,  0.49999997, -0.86602545, -0.        ], dtype=float32)
 array([-0.        ,  0.86602545,  0.49999997,  0.92883897], dtype=float32)
 array([0., 0., 0., 1.], dtype=float32)]","[array([-0.9937872 , -0.05564826,  0.09638563,  0.79732376], dtype=float32)
 array([  0.11129653,  -0.49689358,   0.860645  , -14.699301  ],
       dtype=float32)
 array([-0.        ,  0.86602545,  0.49999997, -2.1304939 ], dtype=float32)
 array([0., 0., 0., 1.], dtype=float32)]","[array([-0.4668279 , -0.4247509 ,  0.7756664 , -0.09756542], dtype=float32)
 array([ 0.37070107,  0.7023395 ,  0.6077006 , -0.06626557], dtype=float32)
 array([-0.8029025 ,  0.57123196, -0.17041604,  0.00187779], dtype=float32)
 array([0., 0., 0., 1.], dtype=float32)]","[array([241.12979,   0.     , 336.30847], dtype=float32)
 array([  0.     , 276.8471 , 189.27817], dtype=float32)
 array([0., 0., 1.], dtype=float32)]"
39,"[array([168.0498,   0.    , 240.    ], dtype=float32)
 array([  0.     , 192.79999, 135.     ], dtype=float32)
 array([0., 0., 1.], dtype=float32)]","[array([1., 0., 0., 0.], dtype=float32)
 array([ 0.        ,  0.49999997, -0.86602545, -0.        ], dtype=float32)
 array([-0.        ,  0.86602545,  0.49999997,  0.92883897], dtype=float32)
 array([0., 0., 0., 1.], dtype=float32)]","[array([-0.9931417, -0.0584585,  0.1012531,  0.7931664], dtype=float32)
 array([  0.11691701,  -0.49657083,   0.86008596, -14.735653  ],
       dtype=float32)
 array([-0.        ,  0.86602545,  0.49999997, -2.1304939 ], dtype=float32)
 array([0., 0., 0., 1.], dtype=float32)]","[array([-0.47149196, -0.42349952,  0.77352667, -0.07565448], dtype=float32)
 array([ 0.36971748,  0.7014093 ,  0.6093718 , -0.06195873], dtype=float32)
 array([-0.80062747,  0.57330024, -0.17413367, -0.00870488], dtype=float32)
 array([0., 0., 0., 1.], dtype=float32)]","[array([241.12979,   0.     , 336.30847], dtype=float32)
 array([  0.     , 276.8471 , 189.27817], dtype=float32)
 array([0., 0., 1.], dtype=float32)]"
40,"[array([168.0498,   0.    , 240.    ], dtype=float32)
 array([  0.     , 192.79999, 135.     ], dtype=float32)
 array([0., 0., 1.], dtype=float32)]","[array([1., 0., 0., 0.], dtype=float32)
 array([ 0.        ,  0.49999997, -0.86602545, -0.        ], dtype=float32)
 array([-0.        ,  0.86602545,  0.49999997,  0.92883897], dtype=float32)
 array([0., 0., 0., 1.], dtype=float32)]","[array([-0.99244905, -0.06132874,  0.10622451,  0.7888489 ], dtype=float32)
 array([  0.12265749,  -0.4962245 ,   0.8594861 , -14.771586  ],
       dtype=float32)
 array([-0.        ,  0.86602545,  0.49999997, -2.1304939 ], dtype=float32)
 array([0., 0., 0., 1.], dtype=float32)]","[array([-0.47614285, -0.42223617,  0.7713654 , -0.05371171], dtype=float32)
 array([ 0.3687238 ,  0.7004818 ,  0.6110385 , -0.05751378], dtype=float32)
 array([-0.79832995,  0.5753624 , -0.17784087, -0.01948998], dtype=float32)
 array([0., 0., 0., 1.], dtype=float32)]","[array([241.12979,   0.     , 336.30847], dtype=float32)
 array([  0.     , 276.8471 , 189.27817], dtype=float32)
 array([0., 0., 1.], dtype=float32)]"
41,"[array([168.0498,   0.    , 240.    ], dtype=float32)
 array([  0.     , 192.79999, 135.     ], dtype=float32)
 array([0., 0., 1.], dtype=float32)]","[array([1., 0., 0., 0.], dtype=float32)
 array([ 0.        ,  0.49999997, -0.86602545, -0.        ], dtype=float32)
 array([-0.        ,  0.86602545,  0.49999997,  0.92883897], dtype=float32)
 array([0., 0., 0., 1.], dtype=float32)]","[array([-0.99157804, -0.06475538,  0.11215962,  0.78360933], dtype=float32)
 array([  0.12951076,  -0.495789  ,   0.85873175, -14.812981  ],
       dtype=float32)
 array([-0.        ,  0.86602545,  0.49999997, -2.1304939 ], dtype=float32)
 array([0., 0., 0., 1.], dtype=float32)]","[array([-0.48274618, -0.42030212,  0.7683113 , -0.03170688], dtype=float32)
 array([ 0.36729303,  0.69925386,  0.6133024 , -0.05291307], dtype=float32)
 array([-0.79501694,  0.5782648 , -0.18318808, -0.03049917], dtype=float32)
 array([0., 0., 0., 1.], dtype=float32)]","[array([241.12979,   0.     , 336.30847], dtype=float32)
 array([  0.     , 276.8471 , 189.27817], dtype=float32)
 array([0., 0., 1.], dtype=float32)]"
42,"[array([168.0498,   0.    , 240.    ], dtype=float32)
 array([  0.     , 192.79999, 135.     ], dtype=float32)
 array([0., 0., 1.], dtype=float32)]","[array([1., 0., 0., 0.], dtype=float32)
 array([ 0.        ,  0.49999997, -0.86602545, -0.        ], dtype=float32)
 array([-0.        ,  0.86602545,  0.49999997,  0.92883897], dtype=float32)
 array([0., 0., 0., 1.], dtype=float32)]","[array([-0.9906349 , -0.06826879,  0.11824503,  0.77815187], dtype=float32)
 array([  0.1365376 ,  -0.49531743,   0.857915  , -14.8538065 ],
       dtype=float32)
 array([-0.        ,  0.86602545,  0.49999997, -2.1304939 ], dtype=float32)
 array([0., 0., 0., 1.], dtype=float32)]","[array([-0.48932213, -0.4183444 ,  0.76521355, -0.00963951], dtype=float32)
 array([ 0.36584294,  0.6980317 ,  0.6155572 , -0.04816608], dtype=float32)
 array([-0.7916583 ,  0.58115375, -0.18851402, -0.04171814], dtype=float32)
 array([0., 0., 0., 1.], dtype=float32)]","[array([241.12979,   0.     , 336.30847], dtype=float32)
 array([  0.     , 276.8471 , 189.27817], dtype=float32)
 array([0., 0., 1.], dtype=float32)]"
43,"[array([168.0498,   0.    , 240.    ], dtype=float32)
 array([  0.     , 192.79999, 135.     ], dtype=float32)
 array([0., 0., 1.], dtype=float32)]","[array([1., 0., 0., 0.], dtype=float32)
 array([ 0.        ,  0.49999997, -0.86602545, -0.        ], dtype=float32)
 array([-0.        ,  0.86602545,  0.49999997,  0.92883897], dtype=float32)
 array([0., 0., 0., 1.], dtype=float32)]","[array([-0.989615  , -0.0718715 ,  0.12448511,  0.7724764 ], dtype=float32)
 array([  0.14374301,  -0.4948075 ,   0.85703176, -14.894062  ],
       dtype=float32)
 array([-0.        ,  0.86602545,  0.49999997, -2.1304939 ], dtype=float32)
 array([0., 0., 0., 1.], dtype=float32)]","[array([-0.49587038, -0.41636315,  0.7620724 ,  0.01248346], dtype=float32)
 array([ 0.36437356,  0.69681543,  0.6178027 , -0.04328907], dtype=float32)
 array([-0.7882541 ,  0.5840291 , -0.1938184 , -0.05312357], dtype=float32)
 array([0., 0., 0., 1.], dtype=float32)]","[array([241.12979,   0.     , 336.30847], dtype=float32)
 array([  0.     , 276.8471 , 189.27817], dtype=float32)
 array([0., 0., 1.], dtype=float32)]"
44,"[array([168.0498,   0.    , 240.    ], dtype=float32)
 array([  0.     , 192.79999, 135.     ], dtype=float32)
 array([0., 0., 1.], dtype=float32)]","[array([1., 0., 0., 0.], dtype=float32)
 array([ 0.        ,  0.49999997, -0.86602545, -0.        ], dtype=float32)
 array([-0.        ,  0.86602545,  0.49999997,  0.92883897], dtype=float32)
 array([0., 0., 0., 1.], dtype=float32)]","[array([-0.9885134 , -0.07556657,  0.13088514,  0.7665829 ], dtype=float32)
 array([  0.15113313,  -0.49425668,   0.85607773, -14.933749  ],
       dtype=float32)
 array([-0.        ,  0.86602545,  0.49999997, -2.1304939 ], dtype=float32)
 array([0., 0., 0., 1.], dtype=float32)]","[array([-0.5023905 , -0.41435844,  0.7588879 ,  0.03465507], dtype=float32)
 array([ 0.36288503,  0.6956051 ,  0.6200387 , -0.03829828], dtype=float32)
 array([-0.7848046 ,  0.58689064, -0.19910093, -0.06469217], dtype=float32)
 array([0., 0., 0., 1.], dtype=float32)]","[array([241.12979,   0.     , 336.30847], dtype=float32)
 array([  0.     , 276.8471 , 189.27817], dtype=float32)
 array([0., 0., 1.], dtype=float32)]"
45,"[array([168.0498,   0.    , 240.    ], dtype=float32)
 array([  0.     , 192.79999, 135.     ], dtype=float32)
 array([0., 0., 1.], dtype=float32)]","[array([1., 0., 0., 0.], dtype=float32)
 array([ 0.        ,  0.49999997, -0.86602545, -0.        ], dtype=float32)
 array([-0.        ,  0.86602545,  0.49999997,  0.92883897], dtype=float32)
 array([0., 0., 0., 1.], dtype=float32)]","[array([-0.98732466, -0.07935686,  0.13745013,  0.76047146], dtype=float32)
 array([  0.15871374,  -0.4936623 ,   0.85504824, -14.972868  ],
       dtype=float32)
 array([-0.        ,  0.86602545,  0.49999997, -2.1304939 ], dtype=float32)
 array([0., 0., 0., 1.], dtype=float32)]","[array([-0.50888216, -0.4123304 ,  0.75566036,  0.05686837], dtype=float32)
 array([ 0.36137742,  0.6944008 ,  0.6222651 , -0.03320997], dtype=float32)
 array([-0.78130996,  0.58973825, -0.2043613 , -0.07640062], dtype=float32)
 array([0., 0., 0., 1.], dtype=float32)]","[array([241.12979,   0.     , 336.30847], dtype=float32)
 array([  0.     , 276.8471 , 189.27817], dtype=float32)
 array([0., 0., 1.], dtype=float32)]"
46,"[array([168.0498,   0.    , 240.    ], dtype=float32)
 array([  0.     , 192.79999, 135.     ], dtype=float32)
 array([0., 0., 1.], dtype=float32)]","[array([1., 0., 0., 0.], dtype=float32)
 array([ 0.        ,  0.49999997, -0.86602545, -0.        ], dtype=float32)
 array([-0.        ,  0.86602545,  0.49999997,  0.92883897], dtype=float32)
 array([0., 0., 0., 1.], dtype=float32)]","[array([-0.98604304, -0.08324534,  0.14418519,  0.754142  ], dtype=float32)
 array([  0.1664907 ,  -0.4930215 ,   0.85393834, -15.011416  ],
       dtype=float32)
 array([-0.        ,  0.86602545,  0.49999997, -2.1304939 ], dtype=float32)
 array([0., 0., 0., 1.], dtype=float32)]","[array([-0.51534504, -0.41027912,  0.7523899 ,  0.07911643], dtype=float32)
 array([ 0.3598508 ,  0.69320256,  0.62448186, -0.0280404 ], dtype=float32)
 array([-0.77777046,  0.59257174, -0.20959921, -0.0882256 ], dtype=float32)
 array([0., 0., 0., 1.], dtype=float32)]","[array([241.12979,   0.     , 336.30847], dtype=float32)
 array([  0.     , 276.8471 , 189.27817], dtype=float32)
 array([0., 0., 1.], dtype=float32)]"
47,"[array([168.0498,   0.    , 240.    ], dtype=float32)
 array([  0.     , 192.79999, 135.     ], dtype=float32)
 array([0., 0., 1.], dtype=float32)]","[array([1., 0., 0., 0.], dtype=float32)
 array([ 0.        ,  0.49999997, -0.86602545, -0.        ], dtype=float32)
 array([-0.        ,  0.86602545,  0.49999997,  0.92883897], dtype=float32)
 array([0., 0., 0., 1.], dtype=float32)]","[array([-0.9846625 , -0.08723512,  0.15109567,  0.7475946 ], dtype=float32)
 array([  0.17447026,  -0.4923312 ,   0.85274273, -15.0493965 ],
       dtype=float32)
 array([-0.        ,  0.86602545,  0.49999997, -2.1304939 ], dtype=float32)
 array([0., 0., 0., 1.], dtype=float32)]","[array([-0.52177864, -0.40820476,  0.7490767 ,  0.10139227], dtype=float32)
 array([ 0.35830525,  0.69201046,  0.62668884, -0.02280581], dtype=float32)
 array([-0.77418625,  0.595391  , -0.21481436, -0.10014382], dtype=float32)
 array([0., 0., 0., 1.], dtype=float32)]","[array([241.12979,   0.     , 336.30847], dtype=float32)
 array([  0.     , 276.8471 , 189.27817], dtype=float32)
 array([0., 0., 1.], dtype=float32)]"
48,"[array([168.0498,   0.    , 240.    ], dtype=float32)
 array([  0.     , 192.79999, 135.     ], dtype=float32)
 array([0., 0., 1.], dtype=float32)]","[array([1., 0., 0., 0.], dtype=float32)
 array([ 0.        ,  0.49999997, -0.86602545, -0.        ], dtype=float32)
 array([-0.        ,  0.86602545,  0.49999997,  0.92883897], dtype=float32)
 array([0., 0., 0., 1.], dtype=float32)]","[array([-0.98317635, -0.09132947,  0.15818729,  0.7408292 ], dtype=float32)
 array([  0.18265894,  -0.49158815,   0.8514557 , -15.086807  ],
       dtype=float32)
 array([-0.        ,  0.86602545,  0.49999997, -2.1304939 ], dtype=float32)
 array([0., 0., 0., 1.], dtype=float32)]","[array([-0.52818274, -0.40610743,  0.745721  ,  0.12368897], dtype=float32)
 array([ 0.3567409 ,  0.69082457,  0.6288858 , -0.01752246], dtype=float32)
 array([-0.7705576 ,  0.5981958 , -0.22000647, -0.11213197], dtype=float32)
 array([0., 0., 0., 1.], dtype=float32)]","[array([241.12979,   0.     , 336.30847], dtype=float32)
 array([  0.     , 276.8471 , 189.27817], dtype=float32)
 array([0., 0., 1.], dtype=float32)]"
49,"[array([168.0498,   0.    , 240.    ], dtype=float32)
 array([  0.     , 192.79999, 135.     ], dtype=float32)
 array([0., 0., 1.], dtype=float32)]","[array([1., 0., 0., 0.], dtype=float32)
 array([ 0.        ,  0.49999997, -0.86602545, -0.        ], dtype=float32)
 array([-0.        ,  0.86602545,  0.49999997,  0.92883897], dtype=float32)
 array([0., 0., 0., 1.], dtype=float32)]","[array([-0.9815777 , -0.09553169,  0.16546577,  0.73384583], dtype=float32)
 array([  0.1910634 ,  -0.49078882,   0.85007125, -15.12365   ],
       dtype=float32)
 array([-0.        ,  0.86602545,  0.49999997, -2.1304939 ], dtype=float32)
 array([0., 0., 0., 1.], dtype=float32)]","[array([-0.53455687, -0.4039872 ,  0.7423229 ,  0.14599955], dtype=float32)
 array([ 0.3551578 ,  0.68964493,  0.63107276, -0.01220661], dtype=float32)
 array([-0.76688457,  0.600986  , -0.22517522, -0.12416673], dtype=float32)
 array([0., 0., 0., 1.], dtype=float32)]","[array([241.12979,   0.     , 336.30847], dtype=float32)
 array([  0.     , 276.8471 , 189.27817], dtype=float32)
 array([0., 0., 1.], dtype=float32)]"
50,"[array([168.0498,   0.    , 240.    ], dtype=float32)
 array([  0.     , 192.79999, 135.     ], dtype=float32)
 array([0., 0., 1.], dtype=float32)]","[array([1., 0., 0., 0.], dtype=float32)
 array([ 0.        ,  0.49999997, -0.86602545, -0.        ], dtype=float32)
 array([-0.        ,  0.86602545,  0.49999997,  0.92883897], dtype=float32)
 array([0., 0., 0., 1.], dtype=float32)]","[array([-0.9801123 , -0.09922178,  0.17185718,  0.72664446], dtype=float32)
 array([  0.19844356,  -0.49005613,   0.84880215, -15.159923  ],
       dtype=float32)
 array([-0.        ,  0.86602545,  0.49999997, -2.1304939 ], dtype=float32)
 array([0., 0., 0., 1.], dtype=float32)]","[array([-0.53455687, -0.4039872 ,  0.7423229 ,  0.1683171 ], dtype=float32)
 array([ 0.3551578 ,  0.68964493,  0.63107276, -0.0068745 ], dtype=float32)
 array([-0.76688457,  0.600986  , -0.22517522, -0.1362248 ], dtype=float32)
 array([0., 0., 0., 1.], dtype=float32)]","[array([241.12979,   0.     , 336.30847], dtype=float32)
 array([  0.     , 276.8471 , 189.27817], dtype=float32)
 array([0., 0., 1.], dtype=float32)]"
